pair_id,geometric_cluster_id
1,3
2,3
3,2
4,0
5,3
6,2
7,1
8,3
9,0
10,0
11,0
12,1
13,3
14,2
15,3
16,3
17,0
18,0
19,2
20,3
21,0
22,3
23,0
24,0
25,2
26,0
27,1
28,0
29,0
30,3
31,0
32,3
33,3
34,0
35,1
36,1
37,3
38,1
39,0
40,0
41,2
42,3
43,3
44,0
45,0
46,1
47,1
48,2
49,3
50,2
51,1
52,1
53,3
54,0
55,1
56,0
57,0
58,0
59,0
60,2
61,0
62,0
63,0
64,1
65,2
66,0
67,0
68,1
69,0
70,1
71,2
72,0
73,3
74,0
75,1
76,0
77,2
78,0
79,1
80,3
81,1
82,3
83,3
84,0
85,0
86,3
87,3
88,3
89,3
90,0
91,3
92,2
93,0
94,0
95,2
96,3
97,1
98,1
99,1
100,1
101,0
102,3
103,1
104,0
105,0
106,3
107,1
108,3
109,0
110,3
111,0
112,2
113,3
114,0
115,2
116,2
117,0
118,0
119,1
120,3
121,1
122,2
123,0
124,1
125,1
126,2
127,1
128,3
129,0
130,0
131,1
132,0
133,1
134,1
135,1
136,3
137,1
138,0
139,2
140,3
141,3
142,1
143,2
144,3
145,3
146,0
147,0
148,1
149,0
150,0
151,3
152,1
153,3
154,1
155,3
156,1
157,3
158,1
159,0
160,0
161,3
162,0
163,3
164,2
165,3
166,1
167,1
168,3
169,2
170,0
171,1
172,2
173,0
174,1
175,1
176,1
177,1
178,0
179,3
180,3
181,3
182,1
183,1
184,1
185,1
186,1
187,0
188,1
189,3
190,0
191,2
192,3
193,0
194,0
195,0
196,3
197,1
198,3
199,0
200,3
201,3
202,1
203,0
204,0
205,0
206,3
207,1
208,0
209,3
210,0
211,3
212,0
213,2
214,0
215,3
216,3
217,3
218,3
219,3
220,0
221,2
222,0
223,3
224,1
225,2
226,2
227,0
228,0
229,2
230,0
231,0
232,1
233,0
234,2
235,3
236,1
237,0
238,3
239,0
240,0
241,2
242,0
243,2
244,2
245,3
246,3
247,3
248,0
249,0
250,3
251,0
252,3
253,0
254,2
255,0
256,1
257,1
258,2
259,0
260,0
261,1
262,3
263,3
264,0
265,2
266,0
267,3
268,3
269,0
270,0
271,2
272,0
273,0
274,1
275,2
276,3
277,0
278,2
279,0
280,3
281,2
282,0
283,0
284,1
285,3
286,3
287,3
288,0
289,0
290,0
291,3
292,1
293,1
294,1
295,0
296,0
297,3
298,0
299,2
300,2
301,1
302,0
303,3
304,0
305,2
306,3
307,1
308,0
309,0
310,0
311,2
312,0
313,3
314,2
315,0
316,1
317,2
318,0
319,1
320,0
321,0
322,2
323,0
324,2
325,1
326,3
327,3
328,2
329,3
330,2
331,3
332,1
333,3
334,1
335,0
336,3
337,0
338,3
339,1
340,3
341,3
342,1
343,0
344,0
345,2
346,3
347,0
348,1
349,2
350,0
351,1
352,2
353,3
354,1
355,2
356,2
357,2
358,2
359,0
360,2
361,1
362,3
363,2
364,2
365,2
366,0
367,2
368,1
369,3
370,0
371,0
372,3
373,1
374,3
375,0
376,3
377,3
378,3
379,0
380,0
381,0
382,0
383,3
384,1
385,2
386,1
387,0
388,3
389,1
390,0
391,1
392,0
393,3
394,1
395,1
396,1
397,1
398,3
399,1
400,0
401,1
402,2
403,3
404,3
405,1
406,2
407,3
408,3
409,0
410,1
411,0
412,3
413,3
414,0
415,2
416,0
417,3
418,3
419,0
420,3
421,3
422,2
423,3
424,1
425,3
426,1
427,0
428,0
429,3
430,2
431,3
432,0
433,0
434,3
435,0
436,0
437,0
438,3
439,0
440,0
441,2
442,1
443,3
444,0
445,3
446,3
447,2
448,0
449,0
450,0
451,3
452,3
453,1
454,1
455,1
456,0
457,2
458,0
459,0
460,1
461,1
462,3
463,2
464,3
465,3
466,3
467,0
468,1
469,1
470,3
471,1
472,1
473,1
474,1
475,0
476,1
477,0
478,0
479,1
480,3
481,3
482,2
483,0
484,0
485,1
486,0
487,3
488,2
489,0
490,1
491,0
492,2
493,2
494,0
495,3
496,3
497,0
498,2
499,0
500,1
501,1
502,2
503,0
504,0
505,2
506,1
507,0
508,0
509,1
510,2
511,0
512,0
513,3
514,2
515,1
516,2
517,0
518,0
519,2
520,0
521,0
522,0
523,3
524,3
525,1
526,3
527,1
528,0
529,1
530,2
531,0
532,1
533,0
534,2
535,2
536,0
537,0
538,0
539,0
540,3
541,1
542,2
543,0
544,1
545,0
546,1
547,3
548,2
549,2
550,0
551,0
552,2
553,3
554,3
555,1
556,0
557,3
558,0
559,1
560,3
561,3
562,2
563,0
564,0
565,3
566,3
567,2
568,1
569,3
570,3
571,3
572,1
573,2
574,0
575,0
576,3
577,0
578,3
579,0
580,2
581,3
582,0
583,3
584,3
585,2
586,1
587,0
588,0
589,1
590,0
591,3
592,3
593,1
594,1
595,0
596,3
597,2
598,2
599,1
600,0
601,0
602,2
603,3
604,3
605,3
606,2
607,3
608,3
609,3
610,0
611,0
612,3
613,1
614,3
615,0
616,0
617,3
618,2
619,1
620,2
621,0
622,3
623,3
624,3
625,3
626,1
627,0
628,0
629,0
630,0
631,3
632,0
633,3
634,3
635,0
636,3
637,1
638,3
639,0
640,1
641,3
642,3
643,1
644,1
645,1
646,1
647,1
648,1
649,0
650,3
651,0
652,3
653,2
654,0
655,1
656,0
657,0
658,3
659,1
660,3
661,2
662,0
663,3
664,1
665,0
666,1
667,0
668,3
669,0
670,1
671,3
672,1
673,3
674,3
675,1
676,2
677,2
678,0
679,3
680,3
681,1
682,0
683,0
684,3
685,3
686,3
687,3
688,3
689,1
690,3
691,3
692,0
693,3
694,1
695,1
696,0
697,3
698,0
699,1
700,1
701,1
702,1
703,0
704,1
705,1
706,0
707,0
708,3
709,0
710,0
711,0
712,2
713,1
714,1
715,0
716,3
717,3
718,3
719,0
720,3
721,1
722,2
723,0
724,3
725,0
726,0
727,3
728,3
729,3
730,2
731,1
732,0
733,0
734,1
735,0
736,3
737,0
738,0
739,3
740,0
741,0
742,1
743,3
744,3
745,3
746,0
747,0
748,0
749,2
750,0
751,2
752,0
753,3
754,0
755,2
756,3
757,0
758,1
759,3
760,0
761,0
762,3
763,3
764,3
765,3
766,2
767,3
768,1
769,0
770,0
771,0
772,0
773,0
774,1
775,2
776,3
777,3
778,1
779,3
780,1
781,0
782,3
783,0
784,3
785,3
786,3
787,1
788,0
789,0
790,0
791,3
792,1
793,2
794,2
795,1
796,2
797,1
798,1
799,1
800,0
801,0
802,1
803,1
804,0
805,3
806,0
807,0
808,1
809,2
810,1
811,3
812,0
813,0
814,0
815,1
816,3
817,3
818,3
819,0
820,0
821,0
822,1
823,0
824,1
825,1
826,1
827,3
828,2
829,1
830,2
831,3
832,0
833,2
834,3
835,3
836,3
837,0
838,1
839,0
840,1
841,3
842,2
843,0
844,3
845,0
846,1
847,1
848,0
849,1
850,3
851,2
852,3
853,1
854,3
855,1
856,0
857,0
858,3
859,0
860,0
861,3
862,3
863,2
864,0
865,3
866,2
867,2
868,3
869,1
870,0
871,1
872,0
873,0
874,1
875,0
876,3
877,0
878,1
879,0
880,0
881,3
882,1
883,3
884,3
885,3
886,3
887,3
888,0
889,3
890,0
891,1
892,1
893,0
894,0
895,2
896,0
897,2
898,1
899,0
900,0
901,3
902,3
903,2
904,0
905,1
906,1
907,3
908,3
909,3
910,2
911,2
912,0
913,1
914,3
915,0
916,0
917,1
918,1
919,3
920,3
921,3
922,0
923,3
924,0
925,0
926,1
927,0
928,1
929,2
930,2
931,3
932,0
933,3
934,3
935,3
936,3
937,0
938,3
939,1
940,0
941,0
942,0
943,1
944,3
945,3
946,1
947,1
948,0
949,3
950,0
951,2
952,0
953,3
954,0
955,2
956,1
957,0
958,2
959,1
960,0
961,1
962,0
963,2
964,1
965,0
966,0
967,2
968,0
969,1
970,1
971,3
972,1
973,0
974,3
975,2
976,1
977,0
978,3
979,3
980,1
981,0
982,3
983,1
984,0
985,3
986,0
987,3
988,3
989,3
990,0
991,0
992,2
993,0
994,1
995,0
996,2
997,3
998,0
999,3
1000,0
1001,0
1002,1
1003,2
1004,1
1005,1
1006,0
1007,0
1008,0
1009,0
1010,0
1011,2
1012,0
1013,0
1014,2
1015,0
1016,0
1017,2
1018,3
1019,1
1020,1
1021,3
1022,2
1023,2
1024,3
1025,2
1026,0
1027,1
1028,0
1029,3
1030,3
1031,1
1032,0
1033,1
1034,0
1035,0
1036,3
1037,0
1038,0
1039,3
1040,1
1041,3
1042,2
1043,3
1044,3
1045,0
1046,0
1047,1
1048,3
1049,2
1050,2
1051,2
1052,0
1053,3
1054,0
1055,0
1056,1
1057,0
1058,0
1059,1
1060,1
1061,0
1062,1
1063,1
1064,1
1065,2
1066,0
1067,0
1068,0
1069,2
1070,3
1071,3
1072,3
1073,3
1074,3
1075,0
1076,2
1077,2
1078,0
1079,1
1080,3
1081,1
1082,2
1083,1
1084,0
1085,2
1086,3
1087,3
1088,2
1089,0
1090,1
1091,0
1092,1
1093,0
1094,0
1095,0
1096,3
1097,3
1098,2
1099,1
1100,1
1101,3
1102,0
1103,2
1104,2
1105,0
1106,3
1107,0
1108,0
1109,0
1110,3
1111,1
1112,0
1113,1
1114,3
1115,3
1116,3
1117,3
1118,0
1119,0
1120,0
1121,0
1122,3
1123,1
1124,0
1125,3
1126,1
1127,1
1128,0
1129,1
1130,3
1131,3
1132,3
1133,3
1134,1
1135,3
1136,0
1137,0
1138,0
1139,1
1140,1
1141,0
1142,2
1143,0
1144,0
1145,0
1146,2
1147,1
1148,3
1149,3
1150,0
1151,0
1152,3
1153,0
1154,3
1155,3
1156,3
1157,1
1158,1
1159,0
1160,3
1161,0
1162,1
1163,3
1164,1
1165,1
1166,2
1167,1
1168,1
1169,1
1170,0
1171,3
1172,3
1173,1
1174,2
1175,0
1176,1
1177,3
1178,3
1179,0
1180,2
1181,0
1182,3
1183,0
1184,0
1185,0
1186,1
1187,0
1188,0
1189,3
1190,3
1191,0
1192,1
1193,1
1194,0
1195,1
1196,1
1197,0
1198,0
1199,1
1200,0
1201,3
1202,0
1203,3
1204,0
1205,3
1206,3
1207,2
1208,1
1209,3
1210,1
1211,0
1212,3
1213,1
1214,0
1215,1
1216,3
1217,3
1218,0
1219,1
1220,3
1221,1
1222,1
1223,1
1224,2
1225,1
1226,0
1227,2
1228,1
1229,0
1230,2
1231,0
1232,1
1233,3
1234,3
1235,3
1236,2
1237,1
1238,1
1239,0
1240,0
1241,0
1242,2
1243,0
1244,0
1245,3
1246,0
1247,2
1248,3
1249,3
1250,1
1251,0
1252,2
1253,1
1254,3
1255,3
1256,1
1257,2
1258,0
1259,1
1260,0
1261,1
1262,1
1263,0
1264,0
1265,3
1266,3
1267,0
1268,3
1269,3
1270,2
1271,0
1272,2
1273,1
1274,0
1275,1
1276,2
1277,3
1278,1
1279,0
1280,1
1281,2
1282,3
1283,1
1284,0
1285,3
1286,0
1287,3
1288,1
1289,0
1290,0
1291,1
1292,2
1293,3
1294,3
1295,3
1296,1
1297,0
1298,3
1299,1
1300,1
1301,2
1302,3
1303,3
1304,1
1305,3
1306,3
1307,0
1308,0
1309,1
1310,0
1311,1
1312,3
1313,0
1314,1
1315,0
1316,0
1317,3
1318,0
1319,3
1320,0
1321,1
1322,3
1323,3
1324,0
1325,1
1326,0
1327,1
1328,1
1329,0
1330,0
1331,0
1332,1
1333,3
1334,3
1335,0
1336,1
1337,0
1338,0
1339,3
1340,1
1341,2
1342,3
1343,0
1344,2
1345,0
1346,0
1347,1
1348,3
1349,0
1350,3
1351,1
1352,0
1353,1
1354,0
1355,1
1356,1
1357,1
1358,0
1359,3
1360,3
1361,0
1362,0
1363,2
1364,2
1365,0
1366,1
1367,3
1368,3
1369,0
1370,0
1371,1
1372,0
1373,2
1374,1
1375,2
1376,1
1377,0
1378,3
1379,3
1380,2
1381,3
1382,3
1383,1
1384,3
1385,3
1386,0
1387,0
1388,0
1389,1
1390,2
1391,3
1392,0
1393,3
1394,0
1395,3
1396,1
1397,0
1398,0
1399,0
1400,3
1401,3
1402,0
1403,1
1404,1
1405,0
1406,0
1407,3
1408,2
1409,3
1410,3
1411,0
1412,1
1413,1
1414,0
1415,3
1416,1
1417,3
1418,1
1419,0
1420,2
1421,0
1422,2
1423,1
1424,0
1425,0
1426,3
1427,0
1428,0
1429,2
1430,3
1431,0
1432,0
1433,2
1434,1
1435,0
1436,2
1437,3
1438,0
1439,3
1440,3
1441,1
1442,3
1443,3
1444,1
1445,0
1446,3
1447,0
1448,3
1449,3
1450,3
1451,3
1452,1
1453,3
1454,0
1455,3
1456,3
1457,3
1458,1
1459,3
1460,1
1461,1
1462,3
1463,0
1464,0
1465,0
1466,0
1467,3
1468,0
1469,0
1470,0
1471,1
1472,0
1473,3
1474,0
1475,2
1476,3
1477,0
1478,0
1479,0
1480,3
1481,3
1482,3
1483,0
1484,1
1485,2
1486,2
1487,0
1488,3
1489,3
1490,0
1491,3
1492,3
1493,3
1494,0
1495,0
1496,0
1497,0
1498,3
1499,1
1500,0
1501,3
1502,3
1503,0
1504,3
1505,2
1506,0
1507,2
1508,0
1509,1
1510,0
1511,3
1512,1
1513,3
1514,2
1515,3
1516,1
1517,1
1518,1
1519,1
1520,3
1521,3
1522,3
1523,1
1524,1
1525,1
1526,0
1527,2
1528,0
1529,1
1530,0
1531,2
1532,0
1533,0
1534,3
1535,0
1536,0
1537,1
1538,3
1539,0
1540,0
1541,3
1542,3
1543,3
1544,3
1545,0
1546,0
1547,2
1548,0
1549,1
1550,0
1551,3
1552,3
1553,0
1554,1
1555,3
1556,1
1557,0
1558,3
1559,3
1560,0
1561,2
1562,2
1563,0
1564,3
1565,0
1566,3
1567,3
1568,3
1569,0
1570,1
1571,0
1572,2
1573,1
1574,1
1575,1
1576,3
1577,2
1578,0
1579,3
1580,3
1581,0
1582,1
1583,0
1584,3
1585,1
1586,0
1587,0
1588,1
1589,1
1590,0
1591,3
1592,3
1593,1
1594,3
1595,0
1596,0
1597,0
1598,0
1599,1
1600,0
1601,0
1602,0
1603,3
1604,0
1605,1
1606,2
1607,3
1608,3
1609,1
1610,0
1611,2
1612,2
1613,2
1614,1
1615,1
1616,0
1617,0
1618,0
1619,2
1620,3
1621,1
1622,3
1623,1
1624,0
1625,1
1626,0
1627,3
1628,1
1629,3
1630,0
1631,3
1632,0
1633,1
1634,2
1635,1
1636,3
1637,1
1638,3
1639,1
1640,3
1641,3
1642,0
1643,2
1644,0
1645,3
1646,2
1647,1
1648,3
1649,3
1650,3
1651,0
1652,2
1653,2
1654,1
1655,1
1656,0
1657,2
1658,0
1659,3
1660,3
1661,1
1662,0
1663,1
1664,0
1665,0
1666,3
1667,1
1668,3
1669,0
1670,3
1671,2
1672,3
1673,3
1674,2
1675,3
1676,2
1677,2
1678,3
1679,3
1680,3
1681,1
1682,1
1683,0
1684,3
1685,0
1686,1
1687,2
1688,2
1689,3
1690,2
1691,3
1692,0
1693,3
1694,3
1695,3
1696,0
1697,3
1698,3
1699,1
1700,2
1701,0
1702,1
1703,1
1704,3
1705,0
1706,0
1707,3
1708,2
1709,1
1710,2
1711,0
1712,3
1713,0
1714,1
1715,0
1716,1
1717,3
1718,1
1719,2
1720,3
1721,3
1722,3
1723,0
1724,3
1725,0
1726,1
1727,0
1728,2
1729,0
1730,0
1731,0
1732,3
1733,3
1734,1
1735,1
1736,0
1737,0
1738,0
1739,0
1740,0
1741,3
1742,2
1743,0
1744,3
1745,3
1746,0
1747,3
1748,3
1749,0
1750,3
1751,2
1752,3
1753,1
1754,3
1755,0
1756,1
1757,0
1758,0
1759,1
1760,0
1761,3
1762,1
1763,1
1764,1
1765,1
1766,1
1767,3
1768,1
1769,3
1770,1
1771,3
1772,0
1773,2
1774,0
1775,1
1776,3
1777,0
1778,2
1779,2
1780,2
1781,1
1782,3
1783,3
1784,0
1785,3
1786,1
1787,0
1788,3
1789,1
1790,0
1791,0
1792,0
1793,3
1794,0
1795,0
1796,3
1797,3
1798,0
1799,0
1800,1
1801,1
1802,2
1803,3
1804,3
1805,2
1806,0
1807,1
1808,3
1809,0
1810,2
1811,3
1812,3
1813,0
1814,0
1815,0
1816,1
1817,1
1818,3
1819,0
1820,0
1821,0
1822,0
1823,0
1824,3
1825,2
1826,0
1827,0
1828,0
1829,3
1830,1
1831,1
1832,1
1833,0
1834,2
1835,0
1836,1
1837,0
1838,0
1839,0
1840,1
1841,1
1842,0
1843,2
1844,3
1845,1
1846,0
1847,1
1848,3
1849,1
1850,1
1851,0
1852,0
1853,2
1854,2
1855,0
1856,0
1857,1
1858,3
1859,3
1860,0
1861,3
1862,0
1863,3
1864,0
1865,0
1866,3
1867,1
1868,1
1869,3
1870,1
1871,0
1872,3
1873,0
1874,2
1875,2
1876,2
1877,1
1878,3
1879,3
1880,0
1881,2
1882,2
1883,0
1884,3
1885,1
1886,3
1887,3
1888,3
1889,3
1890,0
1891,2
1892,1
1893,3
1894,0
1895,1
1896,0
1897,2
1898,2
1899,1
1900,3
1901,1
1902,1
1903,1
1904,2
1905,2
1906,1
1907,1
1908,1
1909,3
1910,3
1911,3
1912,1
1913,0
1914,0
1915,0
1916,0
1917,3
1918,3
1919,1
1920,2
1921,2
1922,3
1923,0
1924,1
1925,3
1926,0
1927,1
1928,0
1929,1
1930,0
1931,2
1932,3
1933,0
1934,2
1935,0
1936,3
1937,0
1938,1
1939,1
1940,3
1941,0
1942,0
1943,1
1944,0
1945,0
1946,0
1947,0
1948,2
1949,0
1950,3
1951,3
1952,3
1953,3
1954,3
1955,3
1956,0
1957,3
1958,0
1959,0
1960,3
1961,0
1962,2
1963,2
1964,3
1965,3
1966,3
1967,3
1968,2
1969,0
1970,3
1971,0
1972,1
1973,2
1974,0
1975,0
1976,2
1977,0
1978,1
1979,0
1980,3
1981,3
1982,0
1983,1
1984,3
1985,1
1986,0
1987,0
1988,1
1989,0
1990,2
1991,0
1992,3
1993,1
1994,0
1995,0
1996,2
1997,2
1998,0
1999,3
2000,3
2001,3
2002,1
2003,3
2004,0
2005,1
2006,2
2007,0
2008,2
2009,2
2010,3
2011,3
2012,0
2013,1
2014,2
2015,3
2016,0
2017,0
2018,3
2019,1
2020,1
2021,0
2022,1
2023,1
2024,0
2025,0
2026,3
2027,1
2028,0
2029,3
2030,3
2031,3
2032,2
2033,0
2034,1
2035,1
2036,1
2037,1
2038,1
2039,3
2040,2
2041,3
2042,2
2043,0
2044,1
2045,0
2046,1
2047,3
2048,2
2049,1
2050,3
2051,0
2052,0
2053,3
2054,0
2055,2
2056,3
2057,1
2058,0
2059,3
2060,3
2061,1
2062,2
2063,0
2064,0
2065,0
2066,1
2067,3
2068,0
2069,0
2070,3
2071,1
2072,0
2073,0
2074,1
2075,3
2076,0
2077,0
2078,2
2079,0
2080,0
2081,0
2082,2
2083,3
2084,1
2085,0
2086,0
2087,2
2088,0
2089,3
2090,3
2091,2
2092,0
2093,1
2094,3
2095,0
2096,0
2097,0
2098,1
2099,1
2100,0
2101,2
2102,0
2103,3
2104,1
2105,3
2106,1
2107,3
2108,2
2109,0
2110,3
2111,3
2112,3
2113,0
2114,2
2115,0
2116,0
2117,3
2118,0
2119,2
2120,3
2121,1
2122,0
2123,0
2124,2
2125,3
2126,0
2127,3
2128,3
2129,3
2130,1
2131,0
2132,2
2133,2
2134,1
2135,0
2136,1
2137,0
2138,0
2139,1
2140,1
2141,2
2142,3
2143,0
2144,1
2145,0
2146,0
2147,0
2148,3
2149,1
2150,0
2151,0
2152,0
2153,1
2154,3
2155,0
2156,0
2157,2
2158,0
2159,3
2160,0
2161,3
2162,3
2163,0
2164,0
2165,3
2166,3
2167,1
2168,2
2169,0
2170,1
2171,0
2172,0
2173,0
2174,3
2175,0
2176,0
2177,0
2178,3
2179,1
2180,0
2181,0
2182,0
2183,1
2184,0
2185,1
2186,1
2187,0
2188,0
2189,0
2190,0
2191,3
2192,3
2193,0
2194,0
2195,0
2196,3
2197,3
2198,3
2199,0
2200,2
2201,2
2202,2
2203,1
2204,0
2205,2
2206,3
2207,0
2208,0
2209,0
2210,3
2211,3
2212,3
2213,0
2214,0
2215,0
2216,3
2217,2
2218,3
2219,0
2220,1
2221,2
2222,3
2223,0
2224,3
2225,3
2226,0
2227,0
2228,3
2229,0
2230,3
2231,0
2232,0
2233,3
2234,1
2235,3
2236,1
2237,3
2238,3
2239,0
2240,0
2241,3
2242,1
2243,2
2244,3
2245,2
2246,3
2247,1
2248,1
2249,3
2250,3
2251,0
2252,3
2253,0
2254,3
2255,3
2256,3
2257,0
2258,0
2259,3
2260,3
2261,3
2262,0
2263,1
2264,3
2265,1
2266,2
2267,0
2268,3
2269,0
2270,1
2271,1
2272,0
2273,0
2274,3
2275,2
2276,0
2277,3
2278,1
2279,3
2280,3
2281,1
2282,1
2283,1
2284,0
2285,0
2286,0
2287,0
2288,1
2289,0
2290,2
2291,0
2292,2
2293,3
2294,0
2295,3
2296,0
2297,0
2298,0
2299,1
2300,0
2301,1
2302,1
2303,0
2304,3
2305,2
2306,3
2307,1
2308,0
2309,3
2310,3
2311,2
2312,3
2313,0
2314,3
2315,0
2316,1
2317,0
2318,1
2319,1
2320,1
2321,3
2322,3
2323,1
2324,3
2325,3
2326,2
2327,3
2328,2
2329,3
2330,3
2331,3
2332,0
2333,1
2334,0
2335,0
2336,1
2337,3
2338,3
2339,1
2340,3
2341,3
2342,3
2343,0
2344,1
2345,1
2346,1
2347,0
2348,1
2349,1
2350,3
2351,0
2352,3
2353,2
2354,2
2355,0
2356,0
2357,1
2358,1
2359,2
2360,0
2361,2
2362,3
2363,1
2364,0
2365,0
2366,0
2367,0
2368,0
2369,1
2370,3
2371,0
2372,3
2373,1
2374,0
2375,0
2376,0
2377,0
2378,3
2379,1
2380,3
2381,0
2382,3
2383,3
2384,0
2385,3
2386,0
2387,1
2388,0
2389,0
2390,0
2391,3
2392,0
2393,3
2394,1
2395,1
2396,0
2397,0
2398,3
2399,0
2400,2
2401,1
2402,1
2403,1
2404,3
2405,3
2406,3
2407,0
2408,1
2409,3
2410,2
2411,1
2412,3
2413,1
2414,0
2415,0
2416,3
2417,1
2418,0
2419,0
2420,2
2421,1
2422,2
2423,1
2424,1
2425,0
2426,0
2427,3
2428,3
2429,0
2430,0
2431,0
2432,1
2433,2
2434,3
2435,0
2436,3
2437,0
2438,0
2439,1
2440,0
2441,3
2442,0
2443,3
2444,0
2445,1
2446,3
2447,3
2448,0
2449,2
2450,0
2451,0
2452,1
2453,0
2454,0
2455,3
2456,3
2457,0
2458,0
2459,0
2460,1
2461,2
2462,3
2463,1
2464,3
2465,1
2466,3
2467,0
2468,0
2469,0
2470,1
2471,2
2472,1
2473,0
2474,0
2475,2
2476,3
2477,0
2478,3
2479,3
2480,0
2481,1
2482,0
2483,0
2484,3
2485,3
2486,2
2487,2
2488,2
2489,1
2490,1
2491,0
2492,1
2493,1
2494,3
2495,0
2496,3
2497,3
2498,0
2499,0
2500,0
2501,1
2502,3
2503,3
2504,2
2505,0
2506,2
2507,3
2508,3
2509,0
2510,0
2511,1
2512,1
2513,0
2514,3
2515,0
2516,1
2517,1
2518,3
2519,0
2520,0
2521,1
2522,3
2523,1
2524,3
2525,1
2526,1
2527,0
2528,0
2529,2
2530,0
2531,0
2532,3
2533,1
2534,3
2535,3
2536,0
2537,0
2538,3
2539,3
2540,1
2541,2
2542,0
2543,3
2544,1
2545,3
2546,3
2547,2
2548,0
2549,3
2550,1
2551,0
2552,0
2553,3
2554,0
2555,1
2556,0
2557,3
2558,2
2559,3
2560,3
2561,3
2562,0
2563,2
2564,1
2565,0
2566,1
2567,1
2568,3
2569,1
2570,1
2571,2
2572,3
2573,1
2574,1
2575,3
2576,1
2577,1
2578,3
2579,3
2580,1
2581,3
2582,1
2583,0
2584,3
2585,3
2586,2
2587,3
2588,2
2589,0
2590,1
2591,0
2592,0
2593,0
2594,1
2595,3
2596,2
2597,3
2598,3
2599,1
2600,3
2601,0
2602,0
2603,0
2604,2
2605,3
2606,1
2607,0
2608,0
2609,3
2610,3
2611,0
2612,2
2613,3
2614,1
2615,0
2616,0
2617,0
2618,1
2619,0
2620,3
2621,0
2622,0
2623,1
2624,3
2625,1
2626,1
2627,3
2628,0
2629,2
2630,2
2631,2
2632,3
2633,0
2634,1
2635,0
2636,0
2637,0
2638,0
2639,0
2640,1
2641,0
2642,1
2643,1
2644,0
2645,3
2646,3
2647,0
2648,0
2649,3
2650,1
2651,2
2652,2
2653,0
2654,0
2655,0
2656,0
2657,0
2658,2
2659,1
2660,2
2661,3
2662,3
2663,0
2664,3
2665,0
2666,3
2667,0
2668,0
2669,0
2670,3
2671,0
2672,0
2673,3
2674,2
2675,0
2676,3
2677,0
2678,0
2679,3
2680,1
2681,1
2682,3
2683,1
2684,3
2685,0
2686,3
2687,1
2688,3
2689,0
2690,0
2691,0
2692,0
2693,3
2694,3
2695,3
2696,2
2697,0
2698,1
2699,0
2700,2
2701,1
2702,0
2703,0
2704,2
2705,3
2706,1
2707,1
2708,1
2709,0
2710,3
2711,3
2712,3
2713,3
2714,3
2715,0
2716,0
2717,0
2718,3
2719,2
2720,1
2721,0
2722,3
2723,0
2724,0
2725,1
2726,0
2727,0
2728,0
2729,0
2730,2
2731,0
2732,0
2733,1
2734,3
2735,2
2736,0
2737,0
2738,3
2739,3
2740,3
2741,3
2742,1
2743,0
2744,3
2745,0
2746,0
2747,2
2748,2
2749,1
2750,1
2751,1
2752,3
2753,0
2754,2
2755,3
2756,2
2757,0
2758,3
2759,1
2760,1
2761,3
2762,0
2763,0
2764,0
2765,1
2766,0
2767,0
2768,3
2769,0
2770,3
2771,3
2772,2
2773,1
2774,1
2775,2
2776,3
2777,3
2778,2
2779,3
2780,3
2781,0
2782,0
2783,0
2784,0
2785,3
2786,2
2787,0
2788,1
2789,1
2790,0
2791,3
2792,1
2793,0
2794,1
2795,3
2796,0
2797,0
2798,1
2799,0
2800,2
2801,1
2802,3
2803,1
2804,3
2805,3
2806,0
2807,1
2808,2
2809,1
2810,1
2811,3
2812,0
2813,3
2814,1
2815,1
2816,0
2817,0
2818,0
2819,0
2820,3
2821,0
2822,0
2823,1
2824,0
2825,2
2826,2
2827,2
2828,3
2829,2
2830,3
2831,3
2832,0
2833,2
2834,2
2835,3
2836,0
2837,3
2838,0
2839,3
2840,1
2841,0
2842,3
2843,3
2844,0
2845,0
2846,0
2847,0
2848,1
2849,3
2850,3
2851,0
2852,3
2853,3
2854,0
2855,1
2856,3
2857,0
2858,2
2859,0
2860,0
2861,2
2862,0
2863,1
2864,3
2865,1
2866,0
2867,1
2868,1
2869,3
2870,2
2871,0
2872,0
2873,3
2874,0
2875,2
2876,1
2877,1
2878,0
2879,0
2880,0
2881,0
2882,0
2883,0
2884,2
2885,2
2886,3
2887,0
2888,1
2889,0
2890,1
2891,3
2892,0
2893,0
2894,0
2895,1
2896,3
2897,1
2898,2
2899,1
2900,1
2901,0
2902,0
2903,3
2904,0
2905,3
2906,0
2907,3
2908,0
2909,0
2910,3
2911,3
2912,3
2913,0
2914,1
2915,0
2916,3
2917,0
2918,0
2919,2
2920,1
2921,1
2922,0
2923,2
2924,3
2925,3
2926,2
2927,3
2928,3
2929,0
2930,3
2931,0
2932,3
2933,0
2934,0
2935,1
2936,3
2937,1
2938,2
2939,1
2940,1
2941,3
2942,3
2943,0
2944,1
2945,1
2946,3
2947,3
2948,0
2949,0
2950,0
2951,0
2952,2
2953,0
2954,0
2955,0
2956,1
2957,0
2958,0
2959,3
2960,0
2961,0
2962,2
2963,0
2964,3
2965,0
2966,1
2967,0
2968,2
2969,3
2970,3
2971,0
2972,0
2973,1
2974,0
2975,3
2976,0
2977,0
2978,3
2979,2
2980,3
2981,0
2982,0
2983,0
2984,1
2985,0
2986,0
2987,0
2988,3
2989,1
2990,2
2991,3
2992,0
2993,2
2994,1
2995,1
2996,1
2997,0
2998,3
2999,0
3000,1
3001,2
3002,0
3003,0
3004,3
3005,2
3006,2
3007,3
3008,0
3009,3
3010,1
3011,2
3012,1
3013,0
3014,0
3015,2
3016,3
3017,3
3018,1
3019,0
3020,0
3021,2
3022,3
3023,3
3024,3
3025,2
3026,0
3027,0
3028,0
3029,3
3030,0
3031,1
3032,3
3033,3
3034,1
3035,3
3036,0
3037,0
3038,0
3039,2
3040,3
3041,1
3042,0
3043,1
3044,3
3045,3
3046,3
3047,3
3048,1
3049,0
3050,1
3051,1
3052,0
3053,3
3054,3
3055,2
3056,0
3057,0
3058,1
3059,3
3060,0
3061,2
3062,2
3063,0
3064,1
3065,0
3066,0
3067,3
3068,0
3069,2
3070,3
3071,3
3072,0
3073,1
3074,0
3075,1
3076,1
3077,1
3078,3
3079,3
3080,0
3081,0
3082,3
3083,3
3084,3
3085,3
3086,3
3087,0
3088,1
3089,3
3090,0
3091,0
3092,1
3093,1
3094,3
3095,3
3096,3
3097,2
3098,0
3099,1
3100,0
3101,0
3102,3
3103,0
3104,1
3105,0
3106,0
3107,0
3108,3
3109,0
3110,0
3111,1
3112,1
3113,1
3114,2
3115,1
3116,0
3117,1
3118,1
3119,3
3120,0
3121,3
3122,0
3123,2
3124,3
3125,2
3126,2
3127,1
3128,3
3129,3
3130,0
3131,0
3132,3
3133,0
3134,1
3135,0
3136,1
3137,0
3138,2
3139,1
3140,1
3141,3
3142,1
3143,2
3144,0
3145,0
3146,0
3147,1
3148,3
3149,0
3150,0
3151,3
3152,2
3153,3
3154,1
3155,3
3156,3
3157,0
3158,3
3159,1
3160,0
3161,0
3162,2
3163,0
3164,3
3165,0
3166,0
3167,3
3168,3
3169,0
3170,0
3171,3
3172,1
3173,0
3174,2
3175,0
3176,2
3177,3
3178,0
3179,1
3180,1
3181,2
3182,3
3183,3
3184,3
3185,0
3186,2
3187,3
3188,3
3189,1
3190,0
3191,3
3192,2
3193,3
3194,1
3195,0
3196,1
3197,3
3198,3
3199,1
3200,0
3201,3
3202,3
3203,1
3204,0
3205,1
3206,0
3207,2
3208,2
3209,0
3210,3
3211,3
3212,2
3213,0
3214,3
3215,3
3216,3
3217,0
3218,3
3219,3
3220,0
3221,0
3222,3
3223,0
3224,0
3225,3
3226,1
3227,3
3228,1
3229,0
3230,1
3231,3
3232,0
3233,3
3234,0
3235,0
3236,0
3237,3
3238,0
3239,0
3240,0
3241,0
3242,3
3243,3
3244,3
3245,3
3246,1
3247,3
3248,2
3249,1
3250,0
3251,3
3252,3
3253,3
3254,1
3255,2
3256,1
3257,3
3258,2
3259,1
3260,0
3261,3
3262,0
3263,3
3264,3
3265,1
3266,2
3267,3
3268,1
3269,3
3270,3
3271,1
3272,0
3273,3
3274,0
3275,1
3276,2
3277,3
3278,0
3279,3
3280,0
3281,2
3282,1
3283,0
3284,3
3285,1
3286,2
3287,3
3288,2
3289,0
3290,0
3291,1
3292,2
3293,1
3294,2
3295,3
3296,0
3297,3
3298,1
3299,0
3300,2
3301,0
3302,2
3303,2
3304,3
3305,0
3306,3
3307,1
3308,3
3309,3
3310,0
3311,0
3312,1
3313,3
3314,2
3315,0
3316,1
3317,3
3318,0
3319,3
3320,1
3321,0
3322,2
3323,1
3324,1
3325,1
3326,0
3327,0
3328,0
3329,1
3330,0
3331,1
3332,3
3333,3
3334,3
3335,0
3336,3
3337,3
3338,0
3339,3
3340,3
3341,0
3342,0
3343,2
3344,1
3345,2
3346,3
3347,3
3348,2
3349,2
3350,2
3351,1
3352,0
3353,1
3354,3
3355,2
3356,3
3357,3
3358,0
3359,0
3360,3
3361,1
3362,2
3363,3
3364,0
3365,0
3366,1
3367,2
3368,2
3369,0
3370,0
3371,0
3372,0
3373,3
3374,0
3375,1
3376,0
3377,1
3378,3
3379,0
3380,0
3381,1
3382,1
3383,2
3384,3
3385,1
3386,0
3387,3
3388,1
3389,3
3390,1
3391,0
3392,1
3393,0
3394,1
3395,3
3396,3
3397,1
3398,0
3399,0
3400,3
3401,1
3402,0
3403,0
3404,0
3405,1
3406,1
3407,1
3408,0
3409,1
3410,2
3411,3
3412,0
3413,0
3414,0
3415,2
3416,0
3417,0
3418,2
3419,2
3420,3
3421,3
3422,3
3423,2
3424,0
3425,3
3426,0
3427,1
3428,3
3429,1
3430,0
3431,2
3432,1
3433,3
3434,2
3435,1
3436,3
3437,1
3438,0
3439,3
3440,2
3441,3
3442,3
3443,0
3444,0
3445,3
3446,2
3447,1
3448,0
3449,1
3450,2
3451,3
3452,2
3453,1
3454,2
3455,3
3456,0
3457,1
3458,2
3459,3
3460,1
3461,1
3462,3
3463,2
3464,2
3465,2
3466,1
3467,3
3468,1
3469,2
3470,3
3471,3
3472,0
3473,3
3474,3
3475,3
3476,0
3477,2
3478,0
3479,2
3480,2
3481,3
3482,3
3483,1
3484,0
3485,3
3486,1
3487,0
3488,1
3489,0
3490,0
3491,0
3492,1
3493,1
3494,3
3495,1
3496,3
3497,0
3498,3
3499,0
3500,2
3501,3
3502,1
3503,1
3504,3
3505,3
3506,3
3507,1
3508,0
3509,3
3510,0
3511,3
3512,0
3513,1
3514,1
3515,2
3516,2
3517,2
3518,1
3519,1
3520,3
3521,1
3522,0
3523,3
3524,0
3525,3
3526,0
3527,0
3528,3
3529,1
3530,1
3531,3
3532,1
3533,2
3534,0
3535,2
3536,3
3537,2
3538,0
3539,1
3540,0
3541,3
3542,0
3543,1
3544,0
3545,3
3546,0
3547,0
3548,2
3549,0
3550,1
3551,3
3552,1
3553,3
3554,2
3555,0
3556,1
3557,3
3558,1
3559,0
3560,0
3561,3
3562,0
3563,3
3564,2
3565,0
3566,0
3567,3
3568,0
3569,0
3570,0
3571,1
3572,0
3573,3
3574,0
3575,1
3576,1
3577,1
3578,0
3579,3
3580,3
3581,1
3582,0
3583,1
3584,1
3585,0
3586,0
3587,1
3588,2
3589,3
3590,0
3591,0
3592,0
3593,1
3594,0
3595,1
3596,1
3597,0
3598,2
3599,0
3600,2
3601,3
3602,3
3603,2
3604,1
3605,0
3606,3
3607,2
3608,0
3609,0
3610,2
3611,3
3612,0
3613,1
3614,1
3615,3
3616,1
3617,3
3618,1
3619,3
3620,3
3621,2
3622,0
3623,2
3624,2
3625,0
3626,1
3627,3
3628,1
3629,3
3630,2
3631,1
3632,0
3633,3
3634,0
3635,3
3636,3
3637,2
3638,3
3639,3
3640,1
3641,3
3642,0
3643,1
3644,0
3645,1
3646,3
3647,0
3648,0
3649,3
3650,1
3651,0
3652,0
3653,3
3654,3
3655,3
3656,0
3657,2
3658,0
3659,3
3660,3
3661,1
3662,0
3663,0
3664,3
3665,3
3666,0
3667,2
3668,0
3669,0
3670,0
3671,0
3672,1
3673,0
3674,3
3675,3
3676,3
3677,0
3678,3
3679,3
3680,0
3681,3
3682,2
3683,1
3684,1
3685,1
3686,1
3687,2
3688,0
3689,3
3690,1
3691,0
3692,0
3693,2
3694,3
3695,3
3696,3
3697,0
3698,3
3699,3
3700,0
3701,2
3702,3
3703,1
3704,0
3705,0
3706,2
3707,1
3708,0
3709,0
3710,0
3711,3
3712,3
3713,0
3714,3
3715,2
3716,1
3717,3
3718,0
3719,1
3720,0
3721,2
3722,3
3723,0
3724,3
3725,1
3726,0
3727,1
3728,0
3729,1
3730,3
3731,2
3732,1
3733,3
3734,0
3735,1
3736,3
3737,0
3738,0
3739,3
3740,0
3741,3
3742,3
3743,0
3744,0
3745,2
3746,1
3747,0
3748,0
3749,3
3750,0
3751,0
3752,3
3753,1
3754,0
3755,3
3756,1
3757,3
3758,3
3759,0
3760,2
3761,3
3762,0
3763,1
3764,2
3765,2
3766,2
3767,0
3768,0
3769,0
3770,1
3771,0
3772,3
3773,3
3774,0
3775,1
3776,2
3777,1
3778,0
3779,0
3780,0
3781,0
3782,0
3783,1
3784,3
3785,0
3786,3
3787,0
3788,1
3789,0
3790,3
3791,3
3792,0
3793,1
3794,0
3795,0
3796,1
3797,3
3798,0
3799,0
3800,0
3801,0
3802,3
3803,2
3804,0
3805,0
3806,0
3807,3
3808,1
3809,1
3810,2
3811,1
3812,1
3813,0
3814,3
3815,3
3816,3
3817,3
3818,0
3819,1
3820,3
3821,1
3822,0
3823,0
3824,0
3825,0
3826,1
3827,1
3828,3
3829,1
3830,3
3831,0
3832,0
3833,1
3834,1
3835,0
3836,3
3837,3
3838,2
3839,3
3840,3
3841,0
3842,0
3843,1
3844,1
3845,3
3846,3
3847,2
3848,2
3849,0
3850,3
3851,1
3852,1
3853,0
3854,3
3855,0
3856,0
3857,1
3858,3
3859,1
3860,0
3861,0
3862,3
3863,2
3864,1
3865,0
3866,2
3867,1
3868,0
3869,0
3870,3
3871,2
3872,0
3873,0
3874,0
3875,0
3876,1
3877,0
3878,2
3879,0
3880,3
3881,0
3882,3
3883,1
3884,2
3885,0
3886,1
3887,2
3888,3
3889,2
3890,3
3891,0
3892,0
3893,3
3894,3
3895,0
3896,2
3897,0
3898,3
3899,0
3900,3
3901,1
3902,0
3903,3
3904,3
3905,3
3906,1
3907,0
3908,3
3909,3
3910,3
3911,0
3912,0
3913,0
3914,2
3915,3
3916,1
3917,0
3918,3
3919,0
3920,1
3921,0
3922,1
3923,0
3924,2
3925,0
3926,3
3927,0
3928,1
3929,1
3930,1
3931,0
3932,0
3933,2
3934,3
3935,0
3936,0
3937,0
3938,1
3939,0
3940,2
3941,0
3942,1
3943,3
3944,1
3945,3
3946,0
3947,0
3948,3
3949,3
3950,1
3951,0
3952,3
3953,0
3954,2
3955,0
3956,3
3957,2
3958,0
3959,1
3960,0
3961,1
3962,2
3963,2
3964,1
3965,0
3966,2
3967,3
3968,3
3969,2
3970,3
3971,2
3972,0
3973,3
3974,0
3975,0
3976,3
3977,2
3978,1
3979,1
3980,1
3981,0
3982,1
3983,0
3984,2
3985,3
3986,2
3987,3
3988,3
3989,1
3990,3
3991,2
3992,0
3993,3
3994,2
3995,2
3996,3
3997,0
3998,3
3999,0
4000,2
4001,1
4002,1
4003,1
4004,1
4005,3
4006,0
4007,0
4008,0
4009,3
4010,3
4011,3
4012,2
4013,1
4014,2
4015,1
4016,0
4017,0
4018,1
4019,3
4020,0
4021,3
4022,3
4023,2
4024,3
4025,0
4026,2
4027,3
4028,0
4029,2
4030,0
4031,3
4032,2
4033,3
4034,3
4035,2
4036,0
4037,0
4038,3
4039,3
4040,1
4041,1
4042,0
4043,0
4044,1
4045,2
4046,2
4047,2
4048,0
4049,3
4050,0
4051,3
4052,3
4053,0
4054,2
4055,2
4056,0
4057,1
4058,1
4059,0
4060,1
4061,0
4062,1
4063,1
4064,0
4065,1
4066,3
4067,3
4068,0
4069,3
4070,0
4071,3
4072,0
4073,0
4074,1
4075,0
4076,0
4077,3
4078,3
4079,3
4080,3
4081,2
4082,2
4083,2
4084,1
4085,0
4086,3
4087,1
4088,0
4089,0
4090,0
4091,0
4092,0
4093,3
4094,3
4095,1
4096,3
4097,2
4098,1
4099,0
4100,3
4101,3
4102,2
4103,0
4104,0
4105,0
4106,1
4107,2
4108,0
4109,0
4110,1
4111,1
4112,0
4113,0
4114,2
4115,3
4116,2
4117,2
4118,0
4119,2
4120,3
4121,3
4122,2
4123,2
4124,2
4125,3
4126,1
4127,3
4128,0
4129,1
4130,3
4131,2
4132,1
4133,2
4134,1
4135,0
4136,2
4137,1
4138,3
4139,0
4140,0
4141,3
4142,3
4143,0
4144,0
4145,1
4146,2
4147,0
4148,3
4149,3
4150,1
4151,0
4152,2
4153,3
4154,2
4155,0
4156,3
4157,0
4158,0
4159,3
4160,1
4161,1
4162,0
4163,1
4164,2
4165,3
4166,3
4167,0
4168,3
4169,3
4170,2
4171,3
4172,2
4173,0
4174,1
4175,1
4176,1
4177,0
4178,3
4179,0
4180,0
4181,1
4182,3
4183,1
4184,0
4185,2
4186,3
4187,3
4188,2
4189,1
4190,2
4191,3
4192,3
4193,3
4194,0
4195,0
4196,3
4197,0
4198,1
4199,1
4200,1
4201,3
4202,0
4203,3
4204,0
4205,2
4206,2
4207,2
4208,2
4209,0
4210,3
4211,0
4212,0
4213,2
4214,0
4215,0
4216,3
4217,2
4218,0
4219,0
4220,1
4221,0
4222,1
4223,1
4224,0
4225,3
4226,0
4227,0
4228,0
4229,0
4230,0
4231,1
4232,0
4233,1
4234,0
4235,0
4236,3
4237,2
4238,0
4239,2
4240,0
4241,0
4242,3
4243,1
4244,3
4245,1
4246,1
4247,2
4248,0
4249,0
4250,1
4251,2
4252,1
4253,0
4254,0
4255,0
4256,2
4257,0
4258,0
4259,3
4260,2
4261,3
4262,0
4263,0
4264,3
4265,0
4266,0
4267,3
4268,0
4269,1
4270,3
4271,0
4272,1
4273,0
4274,0
4275,1
4276,1
4277,2
4278,3
4279,0
4280,3
4281,1
4282,3
4283,2
4284,0
4285,3
4286,0
4287,0
4288,1
4289,2
4290,2
4291,0
4292,0
4293,0
4294,0
4295,3
4296,0
4297,0
4298,3
4299,3
4300,0
4301,0
4302,2
4303,2
4304,3
4305,3
4306,2
4307,1
4308,3
4309,1
4310,0
4311,0
4312,0
4313,0
4314,1
4315,3
4316,3
4317,0
4318,0
4319,3
4320,3
4321,0
4322,1
4323,3
4324,1
4325,3
4326,3
4327,3
4328,3
4329,0
4330,0
4331,3
4332,3
4333,0
4334,1
4335,0
4336,0
4337,0
4338,1
4339,0
4340,0
4341,0
4342,0
4343,0
4344,0
4345,3
4346,3
4347,1
4348,1
4349,0
4350,3
4351,0
4352,2
4353,2
4354,1
4355,0
4356,1
4357,3
4358,0
4359,3
4360,3
4361,2
4362,1
4363,1
4364,1
4365,0
4366,0
4367,0
4368,0
4369,1
4370,1
4371,0
4372,2
4373,0
4374,0
4375,0
4376,0
4377,0
4378,1
4379,3
4380,0
4381,1
4382,1
4383,0
4384,3
4385,3
4386,1
4387,0
4388,0
4389,0
4390,1
4391,0
4392,0
4393,1
4394,0
4395,1
4396,0
4397,3
4398,0
4399,1
4400,0
4401,0
4402,0
4403,3
4404,3
4405,1
4406,2
4407,0
4408,1
4409,0
4410,3
4411,2
4412,2
4413,0
4414,2
4415,3
4416,3
4417,3
4418,2
4419,3
4420,0
4421,0
4422,3
4423,3
4424,2
4425,0
4426,3
4427,0
4428,3
4429,3
4430,0
4431,0
4432,1
4433,2
4434,0
4435,2
4436,0
4437,2
4438,1
4439,1
4440,3
4441,1
4442,3
4443,1
4444,3
4445,3
4446,3
4447,0
4448,1
4449,3
4450,0
4451,3
4452,0
4453,1
4454,3
4455,0
4456,3
4457,1
4458,3
4459,0
4460,0
4461,3
4462,0
4463,1
4464,2
4465,1
4466,3
4467,0
4468,0
4469,2
4470,0
4471,2
4472,3
4473,1
4474,0
4475,0
4476,3
4477,3
4478,1
4479,0
4480,1
4481,2
4482,3
4483,0
4484,1
4485,0
4486,0
4487,0
4488,2
4489,2
4490,2
4491,0
4492,3
4493,0
4494,3
4495,2
4496,0
4497,1
4498,3
4499,1
4500,0
4501,3
4502,0
4503,1
4504,1
4505,3
4506,3
4507,0
4508,0
4509,0
4510,1
4511,3
4512,0
4513,1
4514,0
4515,1
4516,0
4517,2
4518,0
4519,1
4520,0
4521,0
4522,0
4523,2
4524,3
4525,1
4526,0
4527,2
4528,2
4529,2
4530,1
4531,1
4532,0
4533,3
4534,0
4535,1
4536,2
4537,3
4538,0
4539,0
4540,3
4541,3
4542,1
4543,1
4544,0
4545,1
4546,3
4547,0
4548,0
4549,1
4550,2
4551,0
4552,1
4553,0
4554,0
4555,0
4556,3
4557,1
4558,0
4559,1
4560,3
4561,2
4562,1
4563,3
4564,3
4565,0
4566,3
4567,3
4568,0
4569,1
4570,0
4571,2
4572,0
4573,0
4574,0
4575,0
4576,2
4577,3
4578,0
4579,2
4580,3
4581,1
4582,3
4583,3
4584,1
4585,0
4586,1
4587,1
4588,0
4589,3
4590,2
4591,3
4592,3
4593,3
4594,0
4595,3
4596,3
4597,1
4598,1
4599,0
4600,0
4601,3
4602,2
4603,0
4604,3
4605,0
4606,3
4607,1
4608,0
4609,2
4610,3
4611,0
4612,2
4613,1
4614,1
4615,3
4616,1
4617,3
4618,3
4619,1
4620,2
4621,3
4622,3
4623,0
4624,1
4625,3
4626,1
4627,0
4628,3
4629,1
4630,1
4631,3
4632,1
4633,0
4634,0
4635,0
4636,0
4637,3
4638,1
4639,2
4640,0
4641,0
4642,1
4643,3
4644,0
4645,0
4646,1
4647,1
4648,3
4649,1
4650,0
4651,0
4652,0
4653,2
4654,1
4655,3
4656,0
4657,3
4658,0
4659,3
4660,3
4661,3
4662,0
4663,3
4664,3
4665,2
4666,3
4667,3
4668,1
4669,3
4670,3
4671,3
4672,3
4673,1
4674,3
4675,0
4676,1
4677,2
4678,0
4679,0
4680,0
4681,0
4682,1
4683,1
4684,0
4685,1
4686,0
4687,3
4688,0
4689,2
4690,0
4691,0
4692,1
4693,0
4694,0
4695,1
4696,1
4697,2
4698,0
4699,3
4700,2
4701,0
4702,0
4703,0
4704,3
4705,0
4706,3
4707,2
4708,1
4709,1
4710,3
4711,0
4712,0
4713,0
4714,1
4715,0
4716,0
4717,0
4718,0
4719,1
4720,3
4721,0
4722,0
4723,1
4724,0
4725,3
4726,0
4727,3
4728,0
4729,1
4730,2
4731,3
4732,1
4733,0
4734,3
4735,1
4736,3
4737,3
4738,0
4739,1
4740,3
4741,1
4742,0
4743,0
4744,0
4745,3
4746,0
4747,1
4748,0
4749,0
4750,3
4751,0
4752,3
4753,3
4754,1
4755,0
4756,1
4757,1
4758,2
4759,1
4760,0
4761,3
4762,3
4763,1
4764,3
4765,2
4766,1
4767,2
4768,0
4769,2
4770,3
4771,3
4772,2
4773,3
4774,3
4775,1
4776,1
4777,3
4778,3
4779,1
4780,0
4781,3
4782,1
4783,1
4784,1
4785,1
4786,2
4787,0
4788,3
4789,2
4790,0
4791,1
4792,3
4793,1
4794,0
4795,3
4796,0
4797,3
4798,0
4799,1
4800,0
4801,1
4802,1
4803,3
4804,0
4805,3
4806,2
4807,0
4808,2
4809,2
4810,2
4811,2
4812,0
4813,3
4814,3
4815,0
4816,3
4817,3
4818,3
4819,3
4820,2
4821,0
4822,0
4823,3
4824,0
4825,1
4826,1
4827,0
4828,3
4829,1
4830,2
4831,1
4832,1
4833,3
4834,1
4835,0
4836,2
4837,0
4838,0
4839,0
4840,0
4841,3
4842,0
4843,2
4844,3
4845,0
4846,1
4847,1
4848,0
4849,3
4850,0
4851,3
4852,3
4853,3
4854,0
4855,1
4856,3
4857,3
4858,0
4859,1
4860,3
4861,2
4862,1
4863,0
4864,3
4865,0
4866,3
4867,3
4868,1
4869,2
4870,0
4871,0
4872,0
4873,0
4874,0
4875,0
4876,3
4877,1
4878,3
4879,1
4880,0
4881,3
4882,1
4883,2
4884,0
4885,0
4886,0
4887,1
4888,3
4889,1
4890,1
4891,0
4892,3
4893,3
4894,0
4895,0
4896,3
4897,0
4898,1
4899,1
4900,3
4901,1
4902,3
4903,1
4904,1
4905,1
4906,3
4907,0
4908,1
4909,3
4910,2
4911,2
4912,0
4913,1
4914,1
4915,3
4916,3
4917,2
4918,0
4919,0
4920,2
4921,0
4922,0
4923,3
4924,1
4925,0
4926,3
4927,0
4928,2
4929,0
4930,0
4931,0
4932,1
4933,2
4934,3
4935,0
4936,0
4937,0
4938,2
4939,2
4940,3
4941,0
4942,0
4943,3
4944,3
4945,1
4946,2
4947,0
4948,0
4949,2
4950,3
4951,3
4952,3
4953,0
4954,3
4955,1
4956,0
4957,3
4958,3
4959,1
4960,0
4961,0
4962,0
4963,0
4964,0
4965,0
4966,3
4967,0
4968,1
4969,3
4970,3
4971,3
4972,1
4973,1
4974,0
4975,1
4976,1
4977,2
4978,1
4979,3
4980,3
4981,0
4982,3
4983,1
4984,1
4985,3
4986,3
4987,0
4988,3
4989,0
4990,1
4991,1
4992,3
4993,0
4994,3
4995,3
4996,1
4997,0
4998,1
4999,2
5000,1
5001,2
5002,1
5003,3
5004,3
5005,0
5006,0
5007,0
5008,2
5009,1
5010,0
5011,1
5012,3
5013,2
5014,1
5015,3
5016,0
5017,3
5018,0
5019,1
5020,0
5021,1
5022,0
5023,2
5024,3
5025,0
5026,3
5027,1
5028,1
5029,2
5030,3
5031,1
5032,3
5033,1
5034,3
5035,0
5036,3
5037,1
5038,0
5039,3
5040,3
5041,3
5042,0
5043,3
5044,0
5045,0
5046,0
5047,3
5048,0
5049,1
5050,0
5051,3
5052,1
5053,0
5054,2
5055,3
5056,2
5057,2
5058,0
5059,1
5060,2
5061,3
5062,0
5063,0
5064,0
5065,0
5066,0
5067,0
5068,3
5069,0
5070,3
5071,0
5072,2
5073,3
5074,3
5075,3
5076,0
5077,0
5078,3
5079,0
5080,3
5081,1
5082,0
5083,3
5084,2
5085,0
5086,0
5087,1
5088,0
5089,3
5090,3
5091,3
5092,3
5093,3
5094,2
5095,3
5096,2
5097,2
5098,3
5099,1
5100,0
5101,0
5102,0
5103,3
5104,3
5105,3
5106,1
5107,0
5108,3
5109,0
5110,3
5111,2
5112,0
5113,1
5114,2
5115,0
5116,0
5117,1
5118,3
5119,3
5120,0
5121,3
5122,2
5123,0
5124,0
5125,3
5126,0
5127,0
5128,1
5129,2
5130,1
5131,3
5132,3
5133,3
5134,0
5135,2
5136,1
5137,3
5138,0
5139,0
5140,1
5141,0
5142,3
5143,1
5144,0
5145,0
5146,3
5147,0
5148,0
5149,2
5150,3
5151,0
5152,3
5153,2
5154,3
5155,3
5156,0
5157,1
5158,1
5159,2
5160,0
5161,3
5162,0
5163,0
5164,1
5165,1
5166,0
5167,0
5168,1
5169,1
5170,3
5171,1
5172,3
5173,0
5174,3
5175,1
5176,1
5177,0
5178,0
5179,0
5180,0
5181,1
5182,1
5183,3
5184,3
5185,3
5186,2
5187,0
5188,0
5189,0
5190,3
5191,0
5192,0
5193,3
5194,1
5195,3
5196,0
5197,3
5198,2
5199,1
5200,3
5201,0
5202,1
5203,3
5204,1
5205,1
5206,1
5207,2
5208,3
5209,0
5210,2
5211,2
5212,0
5213,2
5214,0
5215,3
5216,0
5217,3
5218,3
5219,3
5220,3
5221,0
5222,3
5223,3
5224,3
5225,3
5226,0
5227,0
5228,3
5229,0
5230,0
5231,0
5232,3
5233,2
5234,1
5235,3
5236,0
5237,3
5238,0
5239,0
5240,3
5241,1
5242,0
5243,1
5244,2
5245,1
5246,3
5247,0
5248,1
5249,1
5250,3
5251,0
5252,3
5253,0
5254,3
5255,1
5256,0
5257,1
5258,1
5259,2
5260,0
5261,0
5262,2
5263,2
5264,0
5265,2
5266,0
5267,0
5268,0
5269,0
5270,3
5271,3
5272,0
5273,0
5274,2
5275,3
5276,0
5277,2
5278,0
5279,2
5280,0
5281,0
5282,0
5283,0
5284,3
5285,3
5286,2
5287,1
5288,1
5289,0
5290,3
5291,0
5292,3
5293,0
5294,2
5295,1
5296,0
5297,1
5298,0
5299,0
5300,3
5301,3
5302,3
5303,3
5304,3
5305,2
5306,1
5307,0
5308,1
5309,2
5310,2
5311,1
5312,1
5313,3
5314,3
5315,0
5316,0
5317,1
5318,1
5319,0
5320,2
5321,0
5322,3
5323,2
5324,2
5325,2
5326,0
5327,1
5328,0
5329,0
5330,3
5331,3
5332,0
5333,0
5334,2
5335,2
5336,1
5337,3
5338,2
5339,0
5340,3
5341,3
5342,0
5343,2
5344,1
5345,3
5346,1
5347,3
5348,0
5349,1
5350,0
5351,3
5352,3
5353,3
5354,2
5355,3
5356,1
5357,1
5358,1
5359,2
5360,0
5361,0
5362,0
5363,3
5364,0
5365,1
5366,3
5367,0
5368,1
5369,0
5370,3
5371,0
5372,1
5373,0
5374,2
5375,1
5376,1
5377,0
5378,3
5379,2
5380,3
5381,0
5382,3
5383,0
5384,1
5385,2
5386,0
5387,1
5388,0
5389,2
5390,3
5391,0
5392,3
5393,0
5394,0
5395,0
5396,3
5397,0
5398,1
5399,0
5400,2
5401,3
5402,1
5403,3
5404,3
5405,3
5406,2
5407,2
5408,1
5409,1
5410,3
5411,3
5412,0
5413,3
5414,3
5415,3
5416,0
5417,1
5418,3
5419,0
5420,1
5421,1
5422,1
5423,3
5424,1
5425,3
5426,2
5427,1
5428,3
5429,0
5430,1
5431,2
5432,3
5433,3
5434,1
5435,1
5436,1
5437,3
5438,0
5439,3
5440,3
5441,1
5442,1
5443,3
5444,3
5445,2
5446,3
5447,0
5448,0
5449,0
5450,0
5451,1
5452,1
5453,3
5454,2
5455,3
5456,2
5457,2
5458,3
5459,1
5460,3
5461,0
5462,1
5463,2
5464,1
5465,0
5466,1
5467,1
5468,3
5469,1
5470,1
5471,1
5472,0
5473,3
5474,1
5475,3
5476,1
5477,0
5478,1
5479,1
5480,1
5481,1
5482,3
5483,1
5484,0
5485,2
5486,0
5487,1
5488,2
5489,0
5490,3
5491,0
5492,0
5493,0
5494,2
5495,1
5496,0
5497,0
5498,3
5499,3
5500,0
5501,2
5502,3
5503,1
5504,0
5505,3
5506,1
5507,2
5508,1
5509,1
5510,1
5511,3
5512,2
5513,3
5514,0
5515,0
5516,0
5517,0
5518,0
5519,0
5520,1
5521,1
5522,1
5523,2
5524,0
5525,3
5526,0
5527,0
5528,0
5529,0
5530,0
5531,0
5532,3
5533,3
5534,0
5535,0
5536,1
5537,1
5538,3
5539,1
5540,3
5541,1
5542,0
5543,1
5544,3
5545,0
5546,1
5547,0
5548,3
5549,0
5550,3
5551,1
5552,1
5553,0
5554,3
5555,0
5556,1
5557,3
5558,1
5559,3
5560,0
5561,0
5562,0
5563,3
5564,0
5565,2
5566,3
5567,3
5568,3
5569,0
5570,3
5571,2
5572,3
5573,0
5574,0
5575,0
5576,0
5577,0
5578,0
5579,0
5580,1
5581,0
5582,0
5583,2
5584,1
5585,0
5586,0
5587,0
5588,0
5589,1
5590,1
5591,2
5592,3
5593,3
5594,0
5595,2
5596,0
5597,0
5598,1
5599,2
5600,3
5601,3
5602,0
5603,3
5604,0
5605,0
5606,2
5607,1
5608,2
5609,0
5610,3
5611,1
5612,1
5613,1
5614,0
5615,2
5616,3
5617,0
5618,2
5619,0
5620,0
5621,3
5622,0
5623,0
5624,1
5625,3
5626,3
5627,0
5628,0
5629,0
5630,1
5631,3
5632,3
5633,1
5634,0
5635,3
5636,3
5637,1
5638,0
5639,0
5640,3
5641,3
5642,0
5643,3
5644,0
5645,2
5646,0
5647,3
5648,3
5649,3
5650,1
5651,0
5652,0
5653,3
5654,1
5655,2
5656,1
5657,1
5658,1
5659,0
5660,0
5661,3
5662,1
5663,0
5664,2
5665,3
5666,2
5667,1
5668,3
5669,1
5670,0
5671,0
5672,0
5673,1
5674,3
5675,0
5676,3
5677,3
5678,1
5679,2
5680,0
5681,0
5682,1
5683,0
5684,1
5685,3
5686,2
5687,1
5688,3
5689,0
5690,2
5691,3
5692,1
5693,0
5694,1
5695,3
5696,0
5697,0
5698,0
5699,3
5700,3
5701,0
5702,3
5703,0
5704,2
5705,0
5706,3
5707,0
5708,1
5709,2
5710,1
5711,1
5712,3
5713,0
5714,0
5715,0
5716,3
5717,1
5718,3
5719,0
5720,3
5721,1
5722,0
5723,0
5724,3
5725,1
5726,2
5727,0
5728,1
5729,2
5730,0
5731,0
5732,1
5733,3
5734,0
5735,3
5736,1
5737,0
5738,0
5739,3
5740,0
5741,0
5742,2
5743,3
5744,2
5745,0
5746,1
5747,1
5748,0
5749,2
5750,0
5751,1
5752,0
5753,3
5754,0
5755,0
5756,0
5757,1
5758,3
5759,0
5760,3
5761,0
5762,0
5763,0
5764,3
5765,1
5766,0
5767,0
5768,0
5769,0
5770,2
5771,3
5772,0
5773,3
5774,0
5775,1
5776,0
5777,1
5778,2
5779,1
5780,3
5781,0
5782,1
5783,3
5784,0
5785,1
5786,2
5787,0
5788,1
5789,1
5790,3
5791,0
5792,1
5793,0
5794,2
5795,0
5796,1
5797,0
5798,1
5799,0
5800,0
5801,1
5802,2
5803,3
5804,0
5805,0
5806,2
5807,1
5808,3
5809,1
5810,0
5811,3
5812,3
5813,3
5814,1
5815,0
5816,3
5817,0
5818,1
5819,0
5820,3
5821,2
5822,0
5823,0
5824,0
5825,2
5826,0
5827,0
5828,1
5829,0
5830,0
5831,1
5832,0
5833,3
5834,1
5835,2
5836,3
5837,3
5838,2
5839,0
5840,0
5841,0
5842,3
5843,3
5844,3
5845,0
5846,0
5847,1
5848,2
5849,3
5850,1
5851,2
5852,3
5853,0
5854,0
5855,1
5856,3
5857,1
5858,3
5859,2
5860,1
5861,0
5862,3
5863,2
5864,0
5865,0
5866,3
5867,0
5868,1
5869,0
5870,3
5871,3
5872,3
5873,0
5874,0
5875,3
5876,0
5877,2
5878,0
5879,0
5880,0
5881,3
5882,2
5883,3
5884,0
5885,0
5886,1
5887,3
5888,1
5889,1
5890,2
5891,2
5892,1
5893,1
5894,0
5895,0
5896,0
5897,1
5898,3
5899,0
5900,0
5901,2
5902,0
5903,3
5904,0
5905,1
5906,3
5907,3
5908,0
5909,1
5910,0
5911,3
5912,1
5913,0
5914,0
5915,2
5916,1
5917,0
5918,2
5919,2
5920,3
5921,0
5922,2
5923,1
5924,3
5925,3
5926,3
5927,1
5928,0
5929,3
5930,3
5931,0
5932,1
5933,2
5934,0
5935,1
5936,3
5937,0
5938,0
5939,0
5940,3
5941,0
5942,1
5943,2
5944,0
5945,0
5946,2
5947,3
5948,2
5949,0
5950,1
5951,3
5952,3
5953,1
5954,3
5955,2
5956,1
5957,1
5958,0
5959,3
5960,3
5961,0
5962,3
5963,2
5964,0
5965,0
5966,3
5967,3
5968,0
5969,1
5970,3
5971,0
5972,0
5973,3
5974,0
5975,1
5976,3
5977,3
5978,3
5979,3
5980,0
5981,3
5982,3
5983,2
5984,0
5985,1
5986,0
5987,3
5988,1
5989,0
5990,0
5991,0
5992,2
5993,3
5994,0
5995,3
5996,3
5997,1
5998,2
5999,0
6000,2
